argsX,ValueY,ValueX
-2.0,0.0,1.0
-1.3333333333333333,0.5,
0.0,1.0,
1.3333333333333333,0.5,